{"schemaVersion":25,"addons":[{"id":"activity-stream@mozilla.org","syncGUID":"{ca3cc102-e76e-4de9-9b26-b6eb4a29acd8}","location":"app-system-defaults","version":"2018.04.20.1103-b3b95672","type":"extension","internalName":null,"updateURL":null,"updateKey":null,"optionsURL":null,"optionsType":null,"aboutURL":null,"defaultLocale":{"name":"Activity Stream","description":"A rich visual history feed and a reimagined home page make it easier than ever to find exactly what you're looking for in Firefox.","creator":null,"homepageURL":null},"visible":true,"active":true,"userDisabled":false,"appDisabled":false,"installDate":1544616958000,"updateDate":1544616958000,"applyBackgroundUpdates":1,"bootstrap":true,"path":"/usr/lib/firefox-esr/browser/features/activity-stream@mozilla.org.xpi","skinnable":false,"size":2536973,"sourceURI":null,"releaseNotesURI":null,"softDisabled":false,"foreignInstall":false,"strictCompatibility":false,"locales":[],"targetApplications":[{"id":"{ec8030f7-c20a-464f-9b0e-13a3a9e97384}","minVersion":"60.4.0","maxVersion":"60.*"}],"targetPlatforms":[],"multiprocessCompatible":true,"seen":true,"dependencies":[],"hasEmbeddedWebExtension":false,"mpcOptedOut":false,"userPermissions":null,"icons":{},"iconURL":null,"icon64URL":null,"blocklistState":0,"blocklistURL":null,"startupData":null},{"id":"aushelper@mozilla.org","syncGUID":"{9ca2dcbc-4af5-4e91-9a58-da66ccf1dbe2}","location":"app-system-defaults","version":"2.0","type":"extension","internalName":null,"updateURL":null,"updateKey":null,"optionsURL":null,"optionsType":null,"aboutURL":null,"defaultLocale":{"name":"Application Update Service Helper","description":"Sets value(s) in the update url based on custom checks.","creator":null,"homepageURL":null},"visible":true,"active":true,"userDisabled":false,"appDisabled":false,"installDate":1544616958000,"updateDate":1544616958000,"applyBackgroundUpdates":1,"bootstrap":true,"path":"/usr/lib/firefox-esr/browser/features/aushelper@mozilla.org.xpi","skinnable":false,"size":8425,"sourceURI":null,"releaseNotesURI":null,"softDisabled":false,"foreignInstall":false,"strictCompatibility":false,"locales":[],"targetApplications":[{"id":"{ec8030f7-c20a-464f-9b0e-13a3a9e97384}","minVersion":"60.4.0","maxVersion":"60.*"}],"targetPlatforms":[],"multiprocessCompatible":true,"seen":true,"dependencies":[],"hasEmbeddedWebExtension":false,"mpcOptedOut":false,"userPermissions":null,"icons":{},"iconURL":null,"icon64URL":null,"blocklistState":0,"blocklistURL":null,"startupData":null},{"id":"firefox@getpocket.com","syncGUID":"{12d3af02-11bb-4f9c-bd48-6e117f53cedc}","location":"app-system-defaults","version":"1.0.5","type":"extension","internalName":null,"updateURL":null,"updateKey":null,"optionsURL":null,"optionsType":null,"aboutURL":null,"defaultLocale":{"name":"Pocket","description":"When you find something you want to view later, put it in Pocket.","creator":null,"homepageURL":null},"visible":true,"active":true,"userDisabled":false,"appDisabled":false,"installDate":1544616958000,"updateDate":1544616958000,"applyBackgroundUpdates":1,"bootstrap":true,"path":"/usr/lib/firefox-esr/browser/features/firefox@getpocket.com.xpi","skinnable":false,"size":856017,"sourceURI":null,"releaseNotesURI":null,"softDisabled":false,"foreignInstall":false,"strictCompatibility":false,"locales":[],"targetApplications":[{"id":"{ec8030f7-c20a-464f-9b0e-13a3a9e97384}","minVersion":"60.4.0","maxVersion":"60.*"}],"targetPlatforms":[],"multiprocessCompatible":true,"seen":true,"dependencies":[],"hasEmbeddedWebExtension":false,"mpcOptedOut":false,"userPermissions":null,"icons":{},"iconURL":null,"icon64URL":null,"blocklistState":0,"blocklistURL":null,"startupData":null},{"id":"followonsearch@mozilla.com","syncGUID":"{f8f1db10-08eb-452f-a16a-979bacbd7573}","location":"app-system-defaults","version":"0.9.6","type":"extension","internalName":null,"updateURL":null,"updateKey":null,"optionsURL":null,"optionsType":null,"aboutURL":null,"defaultLocale":{"name":"Follow-on Search Telemetry","description":null,"creator":null,"homepageURL":null},"visible":true,"active":true,"userDisabled":false,"appDisabled":false,"installDate":1544616958000,"updateDate":1544616958000,"applyBackgroundUpdates":1,"bootstrap":true,"path":"/usr/lib/firefox-esr/browser/features/followonsearch@mozilla.com.xpi","skinnable":false,"size":18539,"sourceURI":null,"releaseNotesURI":null,"softDisabled":false,"foreignInstall":false,"strictCompatibility":false,"locales":[],"targetApplications":[{"id":"{ec8030f7-c20a-464f-9b0e-13a3a9e97384}","minVersion":"52.0","maxVersion":"66.*"}],"targetPlatforms":[],"multiprocessCompatible":true,"seen":true,"dependencies":[],"hasEmbeddedWebExtension":false,"mpcOptedOut":false,"userPermissions":null,"icons":{},"iconURL":null,"icon64URL":null,"blocklistState":0,"blocklistURL":null,"startupData":null},{"id":"formautofill@mozilla.org","syncGUID":"{6f35db20-d87e-47c1-8427-1fff10251245}","location":"app-system-defaults","version":"1.0","type":"extension","internalName":null,"updateURL":null,"updateKey":null,"optionsURL":null,"optionsType":null,"aboutURL":null,"defaultLocale":{"name":"Form Autofill","description":"Autofill forms with saved profiles","creator":null,"homepageURL":null},"visible":true,"active":true,"userDisabled":false,"appDisabled":false,"installDate":1544616958000,"updateDate":1544616958000,"applyBackgroundUpdates":1,"bootstrap":true,"path":"/usr/lib/firefox-esr/browser/features/formautofill@mozilla.org.xpi","skinnable":false,"size":457534,"sourceURI":null,"releaseNotesURI":null,"softDisabled":false,"foreignInstall":false,"strictCompatibility":false,"locales":[],"targetApplications":[{"id":"{ec8030f7-c20a-464f-9b0e-13a3a9e97384}","minVersion":"60.4.0","maxVersion":"60.*"}],"targetPlatforms":[],"multiprocessCompatible":true,"seen":true,"dependencies":[],"hasEmbeddedWebExtension":false,"mpcOptedOut":false,"userPermissions":null,"icons":{},"iconURL":null,"icon64URL":null,"blocklistState":0,"blocklistURL":null,"startupData":null},{"id":"jaws-esr@mozilla.org","syncGUID":"{12f8860c-4ee6-400f-b7f6-c393389c3a5a}","location":"app-system-defaults","version":"1.2","type":"extension","internalName":null,"updateURL":null,"updateKey":null,"optionsURL":null,"optionsType":null,"aboutURL":null,"defaultLocale":{"name":"Firefox ESR configurer for OLDJAWS screen reader","description":"Disabled e10s for users of OLDJAWS.","creator":null,"homepageURL":null},"visible":true,"active":true,"userDisabled":false,"appDisabled":false,"installDate":1544616958000,"updateDate":1544616958000,"applyBackgroundUpdates":1,"bootstrap":true,"path":"/usr/lib/firefox-esr/browser/features/jaws-esr@mozilla.org.xpi","skinnable":false,"size":5237,"sourceURI":null,"releaseNotesURI":null,"softDisabled":false,"foreignInstall":false,"strictCompatibility":false,"locales":[],"targetApplications":[{"id":"{ec8030f7-c20a-464f-9b0e-13a3a9e97384}","minVersion":"60.0","maxVersion":"60.*"}],"targetPlatforms":[],"multiprocessCompatible":true,"seen":true,"dependencies":[],"hasEmbeddedWebExtension":false,"mpcOptedOut":false,"userPermissions":null,"icons":{},"iconURL":null,"icon64URL":null,"blocklistState":0,"blocklistURL":null,"startupData":null},{"id":"onboarding@mozilla.org","syncGUID":"{f50a61ce-dd78-4ef6-ae5f-10e54d5344c3}","location":"app-system-defaults","version":"1.0","type":"extension","internalName":null,"updateURL":null,"updateKey":null,"optionsURL":null,"optionsType":null,"aboutURL":null,"defaultLocale":{"name":"Photon onboarding","description":"Photon onboarding","creator":null,"homepageURL":null},"visible":true,"active":true,"userDisabled":false,"appDisabled":false,"installDate":1544616958000,"updateDate":1544616958000,"applyBackgroundUpdates":1,"bootstrap":true,"path":"/usr/lib/firefox-esr/browser/features/onboarding@mozilla.org.xpi","skinnable":false,"size":562340,"sourceURI":null,"releaseNotesURI":null,"softDisabled":false,"foreignInstall":false,"strictCompatibility":false,"locales":[],"targetApplications":[{"id":"{ec8030f7-c20a-464f-9b0e-13a3a9e97384}","minVersion":"60.4.0","maxVersion":"60.*"}],"targetPlatforms":[],"multiprocessCompatible":true,"seen":true,"dependencies":[],"hasEmbeddedWebExtension":false,"mpcOptedOut":false,"userPermissions":null,"icons":{},"iconURL":null,"icon64URL":null,"blocklistState":0,"blocklistURL":null,"startupData":null},{"id":"screenshots@mozilla.org","syncGUID":"{4fbea042-1802-4bd5-9cde-ef7b98702955}","location":"app-system-defaults","version":"30.1.0","type":"extension","internalName":null,"updateURL":null,"updateKey":null,"optionsURL":null,"optionsType":null,"aboutURL":null,"defaultLocale":{"name":"Firefox Screenshots","description":null,"creator":null,"homepageURL":"https://screenshots.firefox.com/"},"visible":true,"active":true,"userDisabled":false,"appDisabled":false,"installDate":1544616958000,"updateDate":1544616958000,"applyBackgroundUpdates":1,"bootstrap":true,"path":"/usr/lib/firefox-esr/browser/features/screenshots@mozilla.org.xpi","skinnable":false,"size":1043197,"sourceURI":null,"releaseNotesURI":null,"softDisabled":false,"foreignInstall":false,"strictCompatibility":false,"locales":[],"targetApplications":[{"id":"{ec8030f7-c20a-464f-9b0e-13a3a9e97384}","minVersion":"57.0a1","maxVersion":"*"}],"targetPlatforms":[],"multiprocessCompatible":true,"seen":true,"dependencies":[],"hasEmbeddedWebExtension":false,"mpcOptedOut":false,"userPermissions":null,"icons":{},"iconURL":null,"icon64URL":null,"blocklistState":0,"blocklistURL":null,"startupData":null},{"id":"webcompat@mozilla.org","syncGUID":"{a8d745bb-1b4b-4b4d-b3ea-caf813e3b6fa}","location":"app-system-defaults","version":"1.1","type":"extension","internalName":null,"updateURL":null,"updateKey":null,"optionsURL":null,"optionsType":null,"aboutURL":null,"defaultLocale":{"name":"Web Compat","description":"Urgent post-release fixes for web compatibility.","creator":null,"homepageURL":null},"visible":true,"active":true,"userDisabled":false,"appDisabled":false,"installDate":1544616958000,"updateDate":1544616958000,"applyBackgroundUpdates":1,"bootstrap":true,"path":"/usr/lib/firefox-esr/browser/features/webcompat@mozilla.org.xpi","skinnable":false,"size":9137,"sourceURI":null,"releaseNotesURI":null,"softDisabled":false,"foreignInstall":false,"strictCompatibility":false,"locales":[],"targetApplications":[{"id":"{ec8030f7-c20a-464f-9b0e-13a3a9e97384}","minVersion":"60.4.0","maxVersion":"60.*"}],"targetPlatforms":[],"multiprocessCompatible":true,"seen":true,"dependencies":[],"hasEmbeddedWebExtension":false,"mpcOptedOut":false,"userPermissions":null,"icons":{},"iconURL":null,"icon64URL":null,"blocklistState":0,"blocklistURL":null,"startupData":null},{"id":"{972ce4c6-7e08-4474-a285-3208198ce6fd}","syncGUID":"{330e8e5d-ecbe-4769-811e-66d35addeb79}","location":"app-global","version":"60.4.0","type":"theme","internalName":"classic/1.0","updateURL":null,"updateKey":null,"optionsURL":null,"optionsType":null,"optionsBrowserStyle":null,"aboutURL":null,"defaultLocale":{"name":"Default","description":"The default theme.","creator":"Mozilla","homepageURL":null,"contributors":["Mozilla Contributors"]},"visible":true,"active":true,"userDisabled":false,"appDisabled":false,"installDate":1544616958000,"updateDate":1544616958000,"applyBackgroundUpdates":1,"path":"/usr/lib/firefox-esr/browser/extensions/{972ce4c6-7e08-4474-a285-3208198ce6fd}.xpi","skinnable":true,"size":1907,"sourceURI":null,"releaseNotesURI":null,"softDisabled":false,"foreignInstall":false,"strictCompatibility":true,"locales":[],"targetApplications":[{"id":"{ec8030f7-c20a-464f-9b0e-13a3a9e97384}","minVersion":"60.4.0","maxVersion":"60.4.0"}],"targetPlatforms":[],"seen":true,"dependencies":[],"hasEmbeddedWebExtension":false,"userPermissions":null,"icons":{},"iconURL":"chrome://browser/content/default-theme-icon.svg","icon64URL":null,"blocklistState":0,"blocklistURL":null,"startupData":null}]}